{
  "data_source": "uds",

  "indicators": ["dm", "pc", "sr", "rsi"],

  "with_indicators": true,
  "tickers": {
    "AAPL": {
      "markers": [],
      "time_periods": [
        {
          "start_date": "2022-05-01-00:00",
          "end_date": "2022-08-01-00:00"
        }
      ]
    }
  },

  "backtesting_config": {
    "window_size": 180,
    "stop_loss": [0.005, 0.01],
    "take_profit": [0.01, 0.02],
    "signal_threshold": [0.5, 0.7]
  },

  "backtesting": {
    "AAPL": {
      "time_periods": [
        {
          "start_date": "2023-05-02-00:00",
          "end_date": "2023-05-20-00:00"
        },
        {
          "start_date": "2021-11-01-00:00",
          "end_date": "2022-11-20-00:00"
        }

      ]
    },
    "NVDA": {
      "time_periods": [
        {
          "start_date": "2023-05-02-00:00",
          "end_date": "2023-05-05-00:00"
        }
      ]
    }
  }
}
