{
  "data_source": "uds",

  "indicators": ["ma", "ms", "mc", "sr", "rsi", "pc"],

  "tickers": {

    "MGM": {

      "markers": [
        ["2023-04-26-14:36", "2023-04-26-15:55"],
        ["2023-04-27-10:48", "2023-04-27-11:04"],
        ["2023-04-27-15:52", "2023-04-28-09:38"],
        ["2023-04-28-10:58", "2023-04-28-11:27"],
        ["2023-04-28-15:29", "2023-04-28-15:59"],
        ["2023-05-01-09:50", "2023-05-01-10:07"]
      ],

      "start_date": "2023-04-26-00:00",

      "end_date": "2023-05-02-00:00"
    }
  },

  "backtesting": {

    "tickers" : ["AAPL", "MGM"],

    "start_date": "2023-05-18-00:00",

    "end_date": "2023-05-25-00:00"
  }
}