{
  "indicators": ["ma", "ms", "mc", "sr", "rsi", "pc"],

  "n_periods": 6,

  "end_date": "2023-05-04",

  "tickers": {

    "EBAY": [
      ["2023-04-27-09:40", "2023-04-27-10:02"],
      ["2023-05-02-10:20", "2023-05-02-11:10"],
      ["2023-05-03-12:18", "2023-05-03-13:13"],
      ["2023-05-03-13:36", "2023-05-03-14:13"]
    ],
    "GOOG": [
      ["2023-04-28-10:56", "2023-04-28-11:17"],
      ["2023-05-01-11:15", "2023-05-01-11:52"],
      ["2023-05-02-10:32", "2023-05-02-11:07"],
      ["2023-05-03-09:47", "2023-05-03-14:10"],
      ["2023-05-04-10:17", "2023-05-04-10:53"],
      ["2023-05-04-11:47", "2023-05-04-12:15"]
    ]
  },

  "backtesting": {

    "tickers" : ["EBAY", "GOOG"],

    "n_periods": 13,
  
    "end_date": "2023-05-05"
  }
}
